Sl#,Description,Product  weight
1,Salt,801896
2,Salt,801896
3,Salt,801792
4,Salt,801792
5,Salt,801792
6,Salt,801792
7,Salt,802257
8,Salt,802257
9,Salt,802257
10,Salt,802257
11,Salt,801649
12,Salt,801649
13,Salt,801649
14,Salt,801649
15,Salt,802006
16,Salt,802006
17,Salt,802006
18,Salt,802006
19,Salt,801866
20,Salt,801866
21,Salt,801866
22,Salt,801866
23,Salt,802012
24,Salt,802012
25,Salt,802012
26,Salt,802012
27,Salt,801807
28,Salt,801807
29,Salt,801807
30,Salt,801807
31,Salt,801972
32,Salt,801972
33,Salt,801972
34,Salt,801972
35,Salt,801823
36,Salt,801823
37,Salt,801823
38,Salt,801823
39,Salt,801908
40,Salt,801908
41,Salt,801908
42,Salt,801908
43,Salt,801677
44,Salt,801677
45,Salt,801677
46,Salt,801677
47,Salt,801786
48,Salt,801786
49,Salt,801786
50,Salt,801786
51,Salt,801859
52,Salt,801859
53,Salt,801859
54,Salt,801859
55,Salt,801932
56,Salt,801932
57,Salt,801932
58,Salt,801932
59,Salt,801902
60,Salt,801902
61,Salt,801902
62,Salt,801902
63,Salt,801799
64,Salt,801799
65,Salt,801799
66,Salt,801799
67,Salt,802042
68,Salt,802042
69,Salt,802042
70,Salt,802042
71,Salt,802151
72,Salt,802151
73,Salt,802151
74,Salt,802151
75,Salt,801954
76,Salt,801954
77,Salt,801954
78,Salt,801954
79,Salt,801659
80,Salt,801659
81,Salt,801659
82,Salt,801659
83,Salt,801880
84,Salt,801880
85,Salt,801880
86,Salt,801880
87,Salt,802310
88,Salt,802310
89,Salt,802310
90,Salt,802310
91,Salt,801851
92,Salt,801851
93,Salt,801851
94,Salt,801851
95,Salt,801933
96,Salt,801933
97,Salt,801933
98,Salt,801933
99,Salt,802031
100,Salt,802031
101,Salt,802031
102,Salt,802031
103,Salt,802103
104,Salt,802103
105,Salt,802103
106,Salt,802103
107,Salt,802245
108,Salt,802245
109,Salt,802245
110,Salt,802245
111,Salt,802122
112,Salt,802122
113,Salt,802122
114,Salt,802122
115,Salt,802194
116,Salt,802194
117,Salt,802194
118,Salt,802194
119,Salt,802314
120,Salt,802314
121,Salt,802314
122,Salt,802314
123,Salt,802021
124,Salt,802021
125,Salt,802021
126,Salt,802021
127,Salt,801740
128,Salt,801740
129,Salt,801740
130,Salt,801740
131,Salt,802035
132,Salt,802035
133,Salt,802035
134,Salt,802035
135,Salt,801679
136,Salt,801679
137,Salt,801679
138,Salt,801679
139,Salt,801738
140,Salt,801738
141,Salt,801738
142,Salt,801738
143,Salt,801637
144,Salt,801637
145,Salt,801637
146,Salt,801637
147,Salt,801693
148,Salt,801693
149,Salt,801693
150,Salt,801693
151,Salt,801835
152,Salt,801835
153,Salt,801835
154,Salt,801835
155,Salt,801594
156,Salt,801594
157,Salt,801594
158,Salt,801594
159,Salt,801867
160,Salt,801867
161,Salt,801867
162,Salt,801867
163,Salt,801827
164,Salt,801827
165,Salt,801827
166,Salt,801827
167,Salt,801996
168,Salt,801996
169,Salt,801996
170,Salt,801996
171,Salt,802218
172,Salt,802218
173,Salt,802218
174,Salt,802218
175,Salt,802037
176,Salt,802037
177,Salt,802037
178,Salt,802037
179,Salt,802080
180,Salt,802080
181,Salt,802080
182,Salt,802080
183,Salt,801963
184,Salt,801963
185,Salt,801963
186,Salt,801963
187,Salt,801872
188,Salt,801872
189,Salt,801872
190,Salt,801872
191,Salt,801752
192,Salt,801752
193,Salt,801752
194,Salt,801752
195,Salt,801793
196,Salt,801793
197,Salt,801793
198,Salt,801793
199,Salt,801828
200,Salt,801828
201,Salt,801828
202,Salt,801828
203,Salt,802022
204,Salt,802022
205,Salt,802022
206,Salt,802022
207,Salt,801899
208,Salt,801899
209,Salt,801899
210,Salt,801899
211,Salt,801787
212,Salt,801787
213,Salt,801787
214,Salt,801787
215,Salt,802116
216,Salt,802116
217,Salt,802116
218,Salt,802116
219,Salt,802061
220,Salt,802061
221,Salt,802061
222,Salt,802061
223,Salt,802120
224,Salt,802120
225,Salt,802120
226,Salt,802120
227,Salt,802260
228,Salt,802260
229,Salt,802260
230,Salt,802260
231,Salt,802239
232,Salt,802239
233,Salt,802239
234,Salt,802239
235,Salt,802163
236,Salt,802163
237,Salt,802163
238,Salt,802163
239,Salt,801785
240,Salt,801785
241,Salt,801785
242,Salt,801785
243,Salt,802059
244,Salt,802059
245,Salt,802059
246,Salt,802059
247,Salt,801781
248,Salt,801781
249,Salt,801781
250,Salt,801781
251,Salt,801785
252,Salt,801785
253,Salt,801785
254,Salt,801785
255,Salt,801963
256,Salt,801963
257,Salt,801963
258,Salt,801963
259,Salt,801988
260,Salt,801988
261,Salt,801988
262,Salt,801988
263,Salt,801670
264,Salt,801670
265,Salt,801670
266,Salt,801670
267,Salt,801946
268,Salt,801946
269,Salt,801946
270,Salt,801946
271,Salt,802361
272,Salt,802361
273,Salt,802361
274,Salt,802361
275,Salt,802068
276,Salt,802068
277,Salt,802068
278,Salt,802068
279,Salt,802067
280,Salt,802067
281,Salt,802067
282,Salt,802067
283,Salt,802222
284,Salt,802222
285,Salt,802222
286,Salt,802222
287,Salt,802015
288,Salt,802015
289,Salt,802015
290,Salt,802015
291,Salt,801806
292,Salt,801806
293,Salt,801806
294,Salt,801806
295,Salt,801837
296,Salt,801837
297,Salt,801837
298,Salt,801837
299,Salt,801923
300,Salt,801923
301,Salt,801923
302,Salt,801923
303,Salt,801885
304,Salt,801885
305,Salt,801885
306,Salt,801885
307,Salt,802012
308,Salt,802012
309,Salt,802012
310,Salt,802012
311,Salt,802000
312,Salt,802000
313,Salt,802000
314,Salt,802000
315,Salt,801814
316,Salt,801814
317,Salt,801814
318,Salt,801814
319,Salt,801955
320,Salt,801955
321,Salt,801955
322,Salt,801955
323,Apple  Jack Cereal,58790
324,Apple  Jack Cereal,58790
325,Apple  Jack Cereal,58790
326,Apple  Jack Cereal,58790
327,Apple  Jack Cereal,58949
328,Apple  Jack Cereal,58949
329,Apple  Jack Cereal,58949
330,Apple  Jack Cereal,58949
331,Apple  Jack Cereal,58710
332,Apple  Jack Cereal,58710
333,Apple  Jack Cereal,58710
334,Apple  Jack Cereal,58710
335,Apple  Jack Cereal,58350
336,Apple  Jack Cereal,58350
337,Apple  Jack Cereal,58350
338,Apple  Jack Cereal,58350
339,Apple  Jack Cereal,58529
340,Apple  Jack Cereal,58529
341,Apple  Jack Cereal,58529
342,Apple  Jack Cereal,58529
343,Apple  Jack Cereal,58388
344,Apple  Jack Cereal,58388
345,Apple  Jack Cereal,58388
346,Apple  Jack Cereal,58388
347,Apple  Jack Cereal,58295
348,Apple  Jack Cereal,58295
349,Apple  Jack Cereal,58295
350,Apple  Jack Cereal,58295
351,Apple  Jack Cereal,58429
352,Apple  Jack Cereal,58429
353,Apple  Jack Cereal,58429
354,Apple  Jack Cereal,58429
355,Apple  Jack Cereal,58611
356,Apple  Jack Cereal,58611
357,Apple  Jack Cereal,58611
358,Apple  Jack Cereal,58611
359,Apple  Jack Cereal,58469
360,Apple  Jack Cereal,58469
361,Apple  Jack Cereal,58469
362,Apple  Jack Cereal,58469
363,Apple  Jack Cereal,58887
364,Apple  Jack Cereal,58887
365,Apple  Jack Cereal,58887
366,Apple  Jack Cereal,58887
367,Apple  Jack Cereal,58488
368,Apple  Jack Cereal,58488
369,Apple  Jack Cereal,58488
370,Apple  Jack Cereal,58488
371,Apple  Jack Cereal,58588
372,Apple  Jack Cereal,58588
373,Apple  Jack Cereal,58588
374,Apple  Jack Cereal,58588
375,Apple  Jack Cereal,58728
376,Apple  Jack Cereal,58728
377,Apple  Jack Cereal,58728
378,Apple  Jack Cereal,58728
379,Apple  Jack Cereal,58778
380,Apple  Jack Cereal,58778
381,Apple  Jack Cereal,58778
382,Apple  Jack Cereal,58778
383,Apple  Jack Cereal,58667
384,Apple  Jack Cereal,58667
385,Apple  Jack Cereal,58667
386,Apple  Jack Cereal,58667
387,Apple  Jack Cereal,58316
388,Apple  Jack Cereal,58316
389,Apple  Jack Cereal,58316
390,Apple  Jack Cereal,58316
391,Apple  Jack Cereal,58490
392,Apple  Jack Cereal,58490
393,Apple  Jack Cereal,58490
394,Apple  Jack Cereal,58490
395,Apple  Jack Cereal,58607
396,Apple  Jack Cereal,58607
397,Apple  Jack Cereal,58607
398,Apple  Jack Cereal,58607
399,Apple  Jack Cereal,58916
400,Apple  Jack Cereal,58916
401,Apple  Jack Cereal,58916
402,Apple  Jack Cereal,58916
403,Apple  Jack Cereal,58847
404,Apple  Jack Cereal,58847
405,Apple  Jack Cereal,58847
406,Apple  Jack Cereal,58847
407,Apple  Jack Cereal,58781
408,Apple  Jack Cereal,58781
409,Apple  Jack Cereal,58781
410,Apple  Jack Cereal,58781
411,Apple  Jack Cereal,58348
412,Apple  Jack Cereal,58348
413,Apple  Jack Cereal,58348
414,Apple  Jack Cereal,58348
415,Apple  Jack Cereal,58506
416,Apple  Jack Cereal,58506
417,Apple  Jack Cereal,58506
418,Apple  Jack Cereal,58506
419,Apple  Jack Cereal,58870
420,Apple  Jack Cereal,58870
421,Apple  Jack Cereal,58870
422,Apple  Jack Cereal,58870
423,Apple  Jack Cereal,58730
424,Apple  Jack Cereal,58730
425,Apple  Jack Cereal,58730
426,Apple  Jack Cereal,58730
427,Apple  Jack Cereal,58802
428,Apple  Jack Cereal,58802
429,Apple  Jack Cereal,58802
430,Apple  Jack Cereal,58802
431,Apple  Jack Cereal,58733
432,Apple  Jack Cereal,58733
433,Apple  Jack Cereal,58733
434,Apple  Jack Cereal,58733
435,Apple  Jack Cereal,58945
436,Apple  Jack Cereal,58945
437,Apple  Jack Cereal,58945
438,Apple  Jack Cereal,58945
439,Apple  Jack Cereal,58999
440,Apple  Jack Cereal,58999
441,Apple  Jack Cereal,58999
442,Apple  Jack Cereal,58999
443,Apple  Jack Cereal,59095
444,Apple  Jack Cereal,59095
445,Apple  Jack Cereal,59095
446,Apple  Jack Cereal,59095
447,Apple  Jack Cereal,58875
448,Apple  Jack Cereal,58875
449,Apple  Jack Cereal,58875
450,Apple  Jack Cereal,58875
451,Apple  Jack Cereal,58789
452,Apple  Jack Cereal,58789
453,Apple  Jack Cereal,58789
454,Apple  Jack Cereal,58789
455,Apple  Jack Cereal,58722
456,Apple  Jack Cereal,58722
457,Apple  Jack Cereal,58722
458,Apple  Jack Cereal,58722
459,Apple  Jack Cereal,58508
460,Apple  Jack Cereal,58508
461,Apple  Jack Cereal,58508
462,Apple  Jack Cereal,58508
463,Apple  Jack Cereal,58685
464,Apple  Jack Cereal,58685
465,Apple  Jack Cereal,58685
466,Apple  Jack Cereal,58685
467,Apple  Jack Cereal,58807
468,Apple  Jack Cereal,58807
469,Apple  Jack Cereal,58807
470,Apple  Jack Cereal,58807
471,Apple  Jack Cereal,58666
472,Apple  Jack Cereal,58666
473,Apple  Jack Cereal,58666
474,Apple  Jack Cereal,58666
475,Apple  Jack Cereal,58731
476,Apple  Jack Cereal,58731
477,Apple  Jack Cereal,58731
478,Apple  Jack Cereal,58731
479,Apple  Jack Cereal,58633
480,Apple  Jack Cereal,58633
481,Apple  Jack Cereal,58633
482,Apple  Jack Cereal,58633
483,Apple  Jack Cereal,58803
484,Apple  Jack Cereal,58803
485,Apple  Jack Cereal,58803
486,Apple  Jack Cereal,58803
487,Apple  Jack Cereal,58815
488,Apple  Jack Cereal,58815
489,Apple  Jack Cereal,58815
490,Apple  Jack Cereal,58815
491,Apple  Jack Cereal,58663
492,Apple  Jack Cereal,58663
493,Apple  Jack Cereal,58663
494,Apple  Jack Cereal,58663
495,Apple  Jack Cereal,58508
496,Apple  Jack Cereal,58508
497,Apple  Jack Cereal,58508
498,Apple  Jack Cereal,58508
499,Apple  Jack Cereal,58738
500,Apple  Jack Cereal,58738
501,Apple  Jack Cereal,58738
502,Apple  Jack Cereal,58738
503,Apple  Jack Cereal,58610
504,Apple  Jack Cereal,58610
505,Apple  Jack Cereal,58610
506,Apple  Jack Cereal,58610
507,Apple  Jack Cereal,58646
508,Apple  Jack Cereal,58646
509,Apple  Jack Cereal,58646
510,Apple  Jack Cereal,58646
511,Apple  Jack Cereal,58722
512,Apple  Jack Cereal,58722
513,Apple  Jack Cereal,58722
514,Apple  Jack Cereal,58722
515,Apple  Jack Cereal,58947
516,Apple  Jack Cereal,58947
517,Apple  Jack Cereal,58947
518,Apple  Jack Cereal,58947
519,Apple  Jack Cereal,58722
520,Apple  Jack Cereal,58722
521,Apple  Jack Cereal,58722
522,Apple  Jack Cereal,58722
523,Apple  Jack Cereal,58642
524,Apple  Jack Cereal,58642
525,Apple  Jack Cereal,58642
526,Apple  Jack Cereal,58642
527,Apple  Jack Cereal,58593
528,Apple  Jack Cereal,58593
529,Apple  Jack Cereal,58593
530,Apple  Jack Cereal,58593
531,Apple  Jack Cereal,58861
532,Apple  Jack Cereal,58861
533,Apple  Jack Cereal,58861
534,Apple  Jack Cereal,58861
535,Apple  Jack Cereal,59058
536,Apple  Jack Cereal,59058
537,Apple  Jack Cereal,59058
538,Apple  Jack Cereal,59058
539,Apple  Jack Cereal,58570
540,Apple  Jack Cereal,58570
541,Apple  Jack Cereal,58570
542,Apple  Jack Cereal,58570
543,Apple  Jack Cereal,58621
544,Apple  Jack Cereal,58621
545,Apple  Jack Cereal,58621
546,Apple  Jack Cereal,58621
547,Apple  Jack Cereal,58579
548,Apple  Jack Cereal,58579
549,Apple  Jack Cereal,58579
550,Apple  Jack Cereal,58579
551,Apple  Jack Cereal,58657
552,Apple  Jack Cereal,58657
553,Apple  Jack Cereal,58657
554,Apple  Jack Cereal,58657
555,Apple  Jack Cereal,58591
556,Apple  Jack Cereal,58591
557,Apple  Jack Cereal,58591
558,Apple  Jack Cereal,58591
559,Apple  Jack Cereal,58801
560,Apple  Jack Cereal,58801
561,Apple  Jack Cereal,58801
562,Apple  Jack Cereal,58801
563,Apple  Jack Cereal,58443
564,Apple  Jack Cereal,58443
565,Apple  Jack Cereal,58443
566,Apple  Jack Cereal,58443
567,Apple  Jack Cereal,58727
568,Apple  Jack Cereal,58727
569,Apple  Jack Cereal,58727
570,Apple  Jack Cereal,58727
571,Apple  Jack Cereal,58740
572,Apple  Jack Cereal,58740
573,Apple  Jack Cereal,58740
574,Apple  Jack Cereal,58740
575,Apple  Jack Cereal,58807
576,Apple  Jack Cereal,58807
577,Apple  Jack Cereal,58807
578,Apple  Jack Cereal,58807
579,Apple  Jack Cereal,58866
580,Apple  Jack Cereal,58866
581,Apple  Jack Cereal,58866
582,Apple  Jack Cereal,58866
583,Apple  Jack Cereal,58805
584,Apple  Jack Cereal,58805
585,Apple  Jack Cereal,58805
586,Apple  Jack Cereal,58805
587,Apple  Jack Cereal,58786
588,Apple  Jack Cereal,58786
589,Apple  Jack Cereal,58786
590,Apple  Jack Cereal,58786
591,Apple  Jack Cereal,58989
592,Apple  Jack Cereal,58989
593,Apple  Jack Cereal,58989
594,Apple  Jack Cereal,58989
595,Apple  Jack Cereal,58899
596,Apple  Jack Cereal,58899
597,Apple  Jack Cereal,58899
598,Apple  Jack Cereal,58899
599,Apple  Jack Cereal,58839
600,Apple  Jack Cereal,58839
601,Apple  Jack Cereal,58839
602,Apple  Jack Cereal,58839
603,Apple  Jack Cereal,58818
604,Apple  Jack Cereal,58818
605,Apple  Jack Cereal,58818
606,Apple  Jack Cereal,58818
607,Apple  Jack Cereal,58892
608,Apple  Jack Cereal,58892
609,Apple  Jack Cereal,58892
610,Apple  Jack Cereal,58892
611,Apple  Jack Cereal,58864
612,Apple  Jack Cereal,58864
613,Apple  Jack Cereal,58864
614,Apple  Jack Cereal,58864
615,Apple  Jack Cereal,58828
616,Apple  Jack Cereal,58828
617,Apple  Jack Cereal,58828
618,Apple  Jack Cereal,58828
619,Apple  Jack Cereal,58750
620,Apple  Jack Cereal,58750
621,Apple  Jack Cereal,58750
622,Apple  Jack Cereal,58750
623,Apple  Jack Cereal,59000
624,Apple  Jack Cereal,59000
625,Apple  Jack Cereal,59000
626,Apple  Jack Cereal,59000
627,Apple  Jack Cereal,58910
628,Apple  Jack Cereal,58910
629,Apple  Jack Cereal,58910
630,Apple  Jack Cereal,58910
631,Apple  Jack Cereal,58686
632,Apple  Jack Cereal,58686
633,Apple  Jack Cereal,58686
634,Apple  Jack Cereal,58686
635,Apple  Jack Cereal,58939
636,Apple  Jack Cereal,58939
637,Apple  Jack Cereal,58939
638,Apple  Jack Cereal,58939
639,Apple  Jack Cereal,59025
640,Apple  Jack Cereal,59025
641,Apple  Jack Cereal,59025
642,Apple  Jack Cereal,59025
643,Apple  Jack Cereal,58957
644,Apple  Jack Cereal,58957
645,Apple  Jack Cereal,58957
646,Apple  Jack Cereal,58957
647,Apple  Jack Cereal,58828
648,Apple  Jack Cereal,58828
649,Apple  Jack Cereal,58828
650,Apple  Jack Cereal,58828
651,Apple  Jack Cereal,58876
652,Apple  Jack Cereal,58876
653,Apple  Jack Cereal,58876
654,Apple  Jack Cereal,58876
655,Apple  Jack Cereal,58717
656,Apple  Jack Cereal,58717
657,Apple  Jack Cereal,58717
658,Apple  Jack Cereal,58717
659,Apple  Jack Cereal,58666
660,Apple  Jack Cereal,58666
661,Apple  Jack Cereal,58666
662,Apple  Jack Cereal,58666
663,Apple  Jack Cereal,58999
664,Apple  Jack Cereal,58999
665,Apple  Jack Cereal,58999
666,Apple  Jack Cereal,58999
667,Apple  Jack Cereal,59088
668,Apple  Jack Cereal,59088
669,Apple  Jack Cereal,59088
670,Apple  Jack Cereal,59088
671,Apple  Jack Cereal,59093
672,Apple  Jack Cereal,59093
673,Apple  Jack Cereal,59093
674,Apple  Jack Cereal,59093
675,Apple  Jack Cereal,59058
676,Apple  Jack Cereal,59058
677,Apple  Jack Cereal,59058
678,Apple  Jack Cereal,59058
679,Apple  Jack Cereal,59104
680,Apple  Jack Cereal,59104
681,Apple  Jack Cereal,59104
682,Apple  Jack Cereal,59104
683,Apple  Jack Cereal,58731
684,Apple  Jack Cereal,58731
685,Apple  Jack Cereal,58731
686,Apple  Jack Cereal,58731
687,Apple  Jack Cereal,58909
688,Apple  Jack Cereal,58909
689,Apple  Jack Cereal,58909
690,Apple  Jack Cereal,58909
691,Apple  Jack Cereal,58942
692,Apple  Jack Cereal,58942
693,Apple  Jack Cereal,58942
694,Apple  Jack Cereal,58942
695,Apple  Jack Cereal,58767
696,Apple  Jack Cereal,58767
697,Apple  Jack Cereal,58767
698,Apple  Jack Cereal,58767
699,Apple  Jack Cereal,59145
700,Apple  Jack Cereal,59145
701,Apple  Jack Cereal,59145
702,Apple  Jack Cereal,59145
703,Foot loop,57011
704,Foot loop,57011
705,Foot loop,57011
706,Foot loop,56932
707,Foot loop,56932
708,Foot loop,56932
709,Foot loop,56932
710,Foot loop,57484
711,Foot loop,57484
712,Foot loop,57484
713,Foot loop,57484
714,Foot loop,56727
715,Foot loop,56727
716,Foot loop,56727
717,Foot loop,56727
718,Foot loop,56955
719,Foot loop,56955
720,Foot loop,56955
721,Foot loop,56955
722,Foot loop,56966
723,Foot loop,56966
724,Foot loop,56966
725,Foot loop,56966
726,Foot loop,57182
727,Foot loop,57182
728,Foot loop,57182
729,Foot loop,57182
730,Foot loop,57147
731,Foot loop,57147
732,Foot loop,57147
733,Foot loop,57147
734,Foot loop,57202
735,Foot loop,57202
736,Foot loop,57202
737,Foot loop,57202
738,Foot loop,57286
739,Foot loop,57286
740,Foot loop,57286
741,Foot loop,57286
742,Foot loop,57754
743,Foot loop,57754
744,Foot loop,57754
745,Foot loop,57754
746,Foot loop,56931
747,Foot loop,56931
748,Foot loop,56931
749,Foot loop,56931
750,Foot loop,57049
751,Foot loop,57049
752,Foot loop,57049
753,Foot loop,57049
754,Foot loop,57202
755,Foot loop,57202
756,Foot loop,57202
757,Foot loop,57202
758,Foot loop,56872
759,Foot loop,56872
760,Foot loop,56872
761,Foot loop,56872
762,Foot loop,56773
763,Foot loop,56773
764,Foot loop,56773
765,Foot loop,56773
766,Foot loop,57134
767,Foot loop,57134
768,Foot loop,57134
769,Foot loop,57134
770,Foot loop,56973
771,Foot loop,56973
772,Foot loop,56973
773,Foot loop,56973
774,Foot loop,57212
775,Foot loop,57212
776,Foot loop,57212
777,Foot loop,57212
778,Foot loop,56754
779,Foot loop,56754
780,Foot loop,56754
781,Foot loop,56754
782,Foot loop,57051
783,Foot loop,57051
784,Foot loop,57051
785,Foot loop,57051
786,Foot loop,56877
787,Foot loop,56877
788,Foot loop,56877
789,Foot loop,56877
790,Foot loop,57016
791,Foot loop,57016
792,Foot loop,57016
793,Foot loop,57016
794,Foot loop,56886
795,Foot loop,56886
796,Foot loop,56886
797,Foot loop,56886
798,Foot loop,57079
799,Foot loop,57079
800,Foot loop,57079
801,Foot loop,57079
802,Foot loop,56964
803,Foot loop,56964
804,Foot loop,56964
805,Foot loop,56964
806,Foot loop,57139
807,Foot loop,57139
808,Foot loop,57139
809,Foot loop,57139
810,Foot loop,57189
811,Foot loop,57189
812,Foot loop,57189
813,Foot loop,57189
814,Foot loop,57193
815,Foot loop,57193
816,Foot loop,57193
817,Foot loop,57193
818,Foot loop,57143
819,Foot loop,57143
820,Foot loop,57143
821,Foot loop,57143
822,Foot loop,56944
823,Foot loop,56944
824,Foot loop,56944
825,Foot loop,56944
826,Foot loop,57403
827,Foot loop,57403
828,Foot loop,57403
829,Foot loop,57403
830,Foot loop,57189
831,Foot loop,57189
832,Foot loop,57189
833,Foot loop,57189
834,Foot loop,57401
835,Foot loop,57401
836,Foot loop,57401
837,Foot loop,57401
838,Foot loop,57083
839,Foot loop,57083
840,Foot loop,57083
841,Foot loop,57083
842,Foot loop,57112
843,Foot loop,57112
844,Foot loop,57112
845,Foot loop,57112
846,Foot loop,57172
847,Foot loop,57172
848,Foot loop,57172
849,Foot loop,57172
850,Foot loop,57126
851,Foot loop,57126
852,Foot loop,57126
853,Foot loop,57126
854,Foot loop,57041
855,Foot loop,57041
856,Foot loop,57041
857,Foot loop,57041
858,Foot loop,56942
859,Foot loop,56942
860,Foot loop,56942
861,Foot loop,56942
862,Foot loop,57066
863,Foot loop,57066
864,Foot loop,57066
865,Foot loop,57066
866,Foot loop,57115
867,Foot loop,57115
868,Foot loop,57115
869,Foot loop,57115
870,Foot loop,57051
871,Foot loop,57051
872,Foot loop,57051
873,Foot loop,57051
874,Foot loop,56877
875,Foot loop,56877
876,Foot loop,56877
877,Foot loop,56877
878,Foot loop,57131
879,Foot loop,57131
880,Foot loop,57131
881,Foot loop,57131
882,Foot loop,57022
883,Foot loop,57022
884,Foot loop,57022
885,Foot loop,57022
886,Foot loop,56999
887,Foot loop,56999
888,Foot loop,56999
889,Foot loop,56999
890,Foot loop,57015
891,Foot loop,57015
892,Foot loop,57015
893,Foot loop,57015
894,Foot loop,57274
895,Foot loop,57274
896,Foot loop,57274
897,Foot loop,57274
898,Foot loop,57154
899,Foot loop,57154
900,Foot loop,57154
901,Foot loop,57154
902,Foot loop,57289
903,Foot loop,57289
904,Foot loop,57289
905,Foot loop,57289
906,Foot loop,57495
907,Foot loop,57495
908,Foot loop,57495
909,Foot loop,57495
910,Foot loop,57280
911,Foot loop,57280
912,Foot loop,57280
913,Foot loop,57280
914,Foot loop,57105
915,Foot loop,57105
916,Foot loop,57105
917,Foot loop,57105
918,Foot loop,57199
919,Foot loop,57199
920,Foot loop,57199
921,Foot loop,57199
922,Foot loop,57020
923,Foot loop,57020
924,Foot loop,57020
925,Foot loop,57020
926,Foot loop,57117
927,Foot loop,57117
928,Foot loop,57117
929,Foot loop,57117
930,Foot loop,56949
931,Foot loop,56949
932,Foot loop,56949
933,Foot loop,56949
934,Foot loop,57202
935,Foot loop,57202
936,Foot loop,57202
937,Foot loop,57202
938,Foot loop,57170
939,Foot loop,57170
940,Foot loop,57170
941,Foot loop,57170
942,Foot loop,57168
943,Foot loop,57168
944,Foot loop,57168
945,Foot loop,57168
946,Foot loop,57216
947,Foot loop,57216
948,Foot loop,57216
949,Foot loop,57216
950,Foot loop,57463
951,Foot loop,57463
952,Foot loop,57463
953,Foot loop,57463
954,Foot loop,57497
955,Foot loop,57497
956,Foot loop,57497
957,Foot loop,57497
958,Foot loop,57729
959,Foot loop,57729
960,Foot loop,57729
961,Foot loop,57729
962,Foot loop,57003
963,Foot loop,57003
964,Foot loop,57003
965,Foot loop,57003
966,Foot loop,57224
967,Foot loop,57224
968,Foot loop,57224
969,Foot loop,57224
970,Foot loop,57115
971,Foot loop,57115
972,Foot loop,57115
973,Foot loop,57115
974,Foot loop,57071
975,Foot loop,57071
976,Foot loop,57071
977,Foot loop,57071
978,Foot loop,56978
979,Foot loop,56978
980,Froot Mini Cereal ,88797
981,Froot Mini Cereal ,88797
982,Froot Mini Cereal ,88797
983,Froot Mini Cereal ,88797
984,Froot Mini Cereal ,88788
985,Froot Mini Cereal ,88788
986,Froot Mini Cereal ,88788
987,Froot Mini Cereal ,88788
988,Froot Mini Cereal ,88858
989,Froot Mini Cereal ,88858
990,Froot Mini Cereal ,88858
991,Froot Mini Cereal ,88858
992,Froot Mini Cereal ,89019
993,Froot Mini Cereal ,89019
994,Froot Mini Cereal ,89019
995,Froot Mini Cereal ,89019
996,Froot Mini Cereal ,88877
997,Froot Mini Cereal ,88877
998,Froot Mini Cereal ,88877
999,Froot Mini Cereal ,88877
1000,Froot Mini Cereal ,89136
1001,Froot Mini Cereal ,89136
1002,Froot Mini Cereal ,89136
1003,Froot Mini Cereal ,89136
1004,Froot Mini Cereal ,89212
1005,Froot Mini Cereal ,89212
1006,Froot Mini Cereal ,89212
1007,Froot Mini Cereal ,89212
1008,Froot Mini Cereal ,88946
1009,Froot Mini Cereal ,88946
1010,Froot Mini Cereal ,88946
1011,Froot Mini Cereal ,88946
1012,Froot Mini Cereal ,89410
1013,Froot Mini Cereal ,89410
1014,Froot Mini Cereal ,89410
1015,Froot Mini Cereal ,89410
1016,Froot Mini Cereal ,89410
1017,Froot Mini Cereal ,89410
1018,Froot Mini Cereal ,89410
1019,Froot Mini Cereal ,89410
1020,Froot Mini Cereal ,89491
1021,Froot Mini Cereal ,89491
1022,Froot Mini Cereal ,89491
1023,Froot Mini Cereal ,89491
1024,Froot Mini Cereal ,89334
1025,Froot Mini Cereal ,89334
1026,Froot Mini Cereal ,89334
1027,Froot Mini Cereal ,89334
1028,Froot Mini Cereal ,88745
1029,Froot Mini Cereal ,88745
1030,Froot Mini Cereal ,88745
1031,Froot Mini Cereal ,88745
1032,Froot Mini Cereal ,89090
1033,Froot Mini Cereal ,89090
1034,Froot Mini Cereal ,89090
1035,Froot Mini Cereal ,89090
1036,Froot Mini Cereal ,89160
1037,Froot Mini Cereal ,89160
1038,Froot Mini Cereal ,89160
1039,Froot Mini Cereal ,89160
1040,Froot Mini Cereal ,88809
1041,Froot Mini Cereal ,88809
1042,Froot Mini Cereal ,88809
1043,Froot Mini Cereal ,88809
1044,Froot Mini Cereal ,89132
1045,Froot Mini Cereal ,89132
1046,Froot Mini Cereal ,89132
1047,Froot Mini Cereal ,89132
1048,Froot Mini Cereal ,89088
1049,Froot Mini Cereal ,89088
1050,Froot Mini Cereal ,89088
1051,Froot Mini Cereal ,89088
1052,Froot Mini Cereal ,89402
1053,Froot Mini Cereal ,89402
1054,Froot Mini Cereal ,89402
1055,Froot Mini Cereal ,89402
1056,Froot Mini Cereal ,88764
1057,Froot Mini Cereal ,88764
1058,Froot Mini Cereal ,88764
1059,Froot Mini Cereal ,88764
1060,Froot Mini Cereal ,89087
1061,Froot Mini Cereal ,89087
1062,Froot Mini Cereal ,89087
1063,Froot Mini Cereal ,89087
1064,Froot Mini Cereal ,88963
1065,Froot Mini Cereal ,88963
1066,Froot Mini Cereal ,88963
1067,Froot Mini Cereal ,88963
1068,Froot Mini Cereal ,88873
1069,Froot Mini Cereal ,88873
1070,Froot Mini Cereal ,88873
1071,Froot Mini Cereal ,88873
1072,Froot Mini Cereal ,89003
1073,Froot Mini Cereal ,89003
1074,Froot Mini Cereal ,89003
1075,Froot Mini Cereal ,89003
1076,Froot Mini Cereal ,89055
1077,Froot Mini Cereal ,89055
1078,Froot Mini Cereal ,89055
1079,Froot Mini Cereal ,89055
1080,Froot Mini Cereal ,89075
1081,Froot Mini Cereal ,89075
1082,Froot Mini Cereal ,89075
1083,Froot Mini Cereal ,89075
1084,Froot Mini Cereal ,89362
1085,Froot Mini Cereal ,89362
1086,Froot Mini Cereal ,89362
1087,Froot Mini Cereal ,89362
1088,Froot Mini Cereal ,89132
1089,Froot Mini Cereal ,89132
1090,Froot Mini Cereal ,89132
1091,Froot Mini Cereal ,89132
1092,Froot Mini Cereal ,89208
1093,Froot Mini Cereal ,89208
1094,Froot Mini Cereal ,89208
1095,Froot Mini Cereal ,89208
1096,Froot Mini Cereal ,89082
1097,Froot Mini Cereal ,89082
1098,Froot Mini Cereal ,89082
1099,Froot Mini Cereal ,89082
1100,Froot Mini Cereal ,88786
1101,Froot Mini Cereal ,88786
1102,Froot Mini Cereal ,88786
1103,Froot Mini Cereal ,88786
1104,Froot Mini Cereal ,88994
1105,Froot Mini Cereal ,88994
1106,Froot Mini Cereal ,88994
1107,Froot Mini Cereal ,88994
1108,Froot Mini Cereal ,88956
1109,Froot Mini Cereal ,88956
1110,Froot Mini Cereal ,88956
1111,Froot Mini Cereal ,88956
1112,Froot Mini Cereal ,88992
1113,Froot Mini Cereal ,88992
1114,Froot Mini Cereal ,88992
1115,Froot Mini Cereal ,88992
1116,Froot Mini Cereal ,88955
1117,Froot Mini Cereal ,88955
1118,Froot Mini Cereal ,88955
1119,Froot Mini Cereal ,88955
1120,Froot Mini Cereal ,89030
1121,Froot Mini Cereal ,89030
1122,Froot Mini Cereal ,89030
1123,Froot Mini Cereal ,89030
1124,Froot Mini Cereal ,89011
1125,Froot Mini Cereal ,89011
1126,Froot Mini Cereal ,89011
1127,Froot Mini Cereal ,89011
1128,Froot Mini Cereal ,88769
1129,Froot Mini Cereal ,88769
1130,Froot Mini Cereal ,88769
1131,Froot Mini Cereal ,88769
1132,Froot Mini Cereal ,88662
1133,Froot Mini Cereal ,88662
1134,Froot Mini Cereal ,88662
1135,Froot Mini Cereal ,88662
1136,Froot Mini Cereal ,88758
1137,Froot Mini Cereal ,88758
1138,Froot Mini Cereal ,88758
1139,Froot Mini Cereal ,88758
1140,Froot Mini Cereal ,88647
1141,Froot Mini Cereal ,88647
1142,Froot Mini Cereal ,88647
1143,Froot Mini Cereal ,88647
1144,Froot Mini Cereal ,88768
1145,Froot Mini Cereal ,88768
1146,Froot Mini Cereal ,88768
1147,Froot Mini Cereal ,88768
1148,Froot Mini Cereal ,88840
1149,Froot Mini Cereal ,88840
1150,Froot Mini Cereal ,88840
1151,Froot Mini Cereal ,88840
1152,Froot Mini Cereal ,89008
1153,Froot Mini Cereal ,89008
1154,Froot Mini Cereal ,89008
1155,Froot Mini Cereal ,89008
1156,Froot Mini Cereal ,89259
1157,Froot Mini Cereal ,89259
1158,Froot Mini Cereal ,89259
1159,Froot Mini Cereal ,89259
1160,Froot Mini Cereal ,88873
1161,Froot Mini Cereal ,88873
1162,Froot Mini Cereal ,88873
1163,Froot Mini Cereal ,88873
1164,Froot Mini Cereal ,88931
1165,Froot Mini Cereal ,88931
1166,Froot Mini Cereal ,88931
1167,Froot Mini Cereal ,88931
1168,Froot Mini Cereal ,89340
1169,Froot Mini Cereal ,89340
1170,Froot Mini Cereal ,89340
1171,Froot Mini Cereal ,89340
1172,Froot Mini Cereal ,89348
1173,Froot Mini Cereal ,89348
1174,Froot Mini Cereal ,89348
1175,Froot Mini Cereal ,89348
1176,Froot Mini Cereal ,88722
1177,Froot Mini Cereal ,88722
1178,Froot Mini Cereal ,88722
1179,Froot Mini Cereal ,88722
1180,Froot Mini Cereal ,89080
1181,Froot Mini Cereal ,89080
1182,Froot Mini Cereal ,89080
1183,Froot Mini Cereal ,89080
1184,Froot Mini Cereal ,88882
1185,Froot Mini Cereal ,88882
1186,Froot Mini Cereal ,88882
1187,Froot Mini Cereal ,88882
1188,Froot Mini Cereal ,88876
1189,Froot Mini Cereal ,88876
1190,Froot Mini Cereal ,88876
1191,Froot Mini Cereal ,88876
1192,Froot Mini Cereal ,89431
1193,Froot Mini Cereal ,89431
1194,Froot Mini Cereal ,89431
1195,Froot Mini Cereal ,89431
1196,Froot Mini Cereal ,89168
1197,Froot Mini Cereal ,89168
1198,Froot Mini Cereal ,89168
1199,Froot Mini Cereal ,89168
1200,Froot Mini Cereal ,89083
1201,Froot Mini Cereal ,89083
1202,Froot Mini Cereal ,89083
1203,Froot Mini Cereal ,89083
1204,Froot Mini Cereal ,89113
1205,Froot Mini Cereal ,89113
1206,Froot Mini Cereal ,89113
1207,Froot Mini Cereal ,89113
1208,Froot Mini Cereal ,89110
1209,Froot Mini Cereal ,89110
1210,Froot Mini Cereal ,89110
1211,Froot Mini Cereal ,89110
1212,Froot Mini Cereal ,89444
1213,Froot Mini Cereal ,89444
1214,Froot Mini Cereal ,89444
1215,Froot Mini Cereal ,89444
1216,Froot Mini Cereal ,89378
1217,Froot Mini Cereal ,89378
1218,Froot Mini Cereal ,89378
1219,Froot Mini Cereal ,89378
1220,Froot Mini Cereal ,89305
1221,Froot Mini Cereal ,89305
1222,Froot Mini Cereal ,89305
1223,Froot Mini Cereal ,89305
1224,Froot Mini Cereal ,89209
1225,Froot Mini Cereal ,89209
1226,Froot Mini Cereal ,89209
1227,Froot Mini Cereal ,89209
1228,Froot Mini Cereal ,89203
1229,Froot Mini Cereal ,89203
1230,Froot Mini Cereal ,89203
1231,Froot Mini Cereal ,89203
1232,Froot Mini Cereal ,89162
1233,Froot Mini Cereal ,89162
1234,Froot Mini Cereal ,89162
1235,Froot Mini Cereal ,89162
1236,Froot Mini Cereal ,89304
1237,Froot Mini Cereal ,89304
1238,Froot Mini Cereal ,89304
1239,Froot Mini Cereal ,89304
1240,Froot Mini Cereal ,89088
1241,Froot Mini Cereal ,89088
1242,Froot Mini Cereal ,89088
1243,Froot Mini Cereal ,89088
1244,Froot Mini Cereal ,89312
1245,Froot Mini Cereal ,89312
1246,Froot Mini Cereal ,89312
1247,Froot Mini Cereal ,89312
1248,Froot Mini Cereal ,89119
1249,Froot Mini Cereal ,89119
1250,Froot Mini Cereal ,89119
1251,Froot Mini Cereal ,89119
1252,Froot Mini Cereal ,89318
1253,Froot Mini Cereal ,89318
1254,Froot Mini Cereal ,89318
1255,Froot Mini Cereal ,89318
1256,Froot Mini Cereal ,89294
1257,Froot Mini Cereal ,89294
1258,Froot Mini Cereal ,89294
1259,Froot Mini Cereal ,89294
1260,Froot Mini Cereal ,89098
1261,Froot Mini Cereal ,89098
1262,Froot Mini Cereal ,89098
1263,Froot Mini Cereal ,89098
1264,Froot Mini Cereal ,89082
1265,Froot Mini Cereal ,89082
1266,Froot Mini Cereal ,89082
1267,Froot Mini Cereal ,89082
1268,Froot Mini Cereal ,89067
1269,Froot Mini Cereal ,89067
1270,Froot Mini Cereal ,89067
1271,Froot Mini Cereal ,89067
1272,Froot Mini Cereal ,89168
1273,Froot Mini Cereal ,89168
1274,Froot Mini Cereal ,89168
1275,Froot Mini Cereal ,89168
1276,Froot Mini Cereal ,89028
1277,Froot Mini Cereal ,89028
1278,Froot Mini Cereal ,89028
1279,Froot Mini Cereal ,89028
1280,Froot Mini Cereal ,89213
1281,Froot Mini Cereal ,89213
1282,Froot Mini Cereal ,89213
1283,Froot Mini Cereal ,89213
1284,Froot Mini Cereal ,89356
1285,Froot Mini Cereal ,89356
1286,Froot Mini Cereal ,89356
1287,Froot Mini Cereal ,89356
1288,Froot Mini Cereal ,89784
1289,Froot Mini Cereal ,89784
1290,Froot Mini Cereal ,89784
1291,Froot Mini Cereal ,89784
1292,Froot Mini Cereal ,89265
1293,Froot Mini Cereal ,89265
1294,Froot Mini Cereal ,89265
1295,Froot Mini Cereal ,89265
1296,Froot Mini Cereal ,89246
1297,Froot Mini Cereal ,89246
1298,Froot Mini Cereal ,89246
1299,Froot Mini Cereal ,89246
1300,Froot Mini Cereal ,89397
1301,Froot Mini Cereal ,89397
1302,Froot Mini Cereal ,89397
1303,Froot Mini Cereal ,89397
1304,Water 500ml,510081
1305,Water 500ml,510081
1306,Water 500ml,510081
1307,Water 500ml,510251
1308,Water 500ml,510251
1309,Water 500ml,510251
1310,Water 500ml,510251
1311,Water 500ml,510289
1312,Water 500ml,510289
1313,Water 500ml,510289
1314,Water 500ml,510289
1315,Water 500ml,510310
1316,Water 500ml,510310
1317,Water 500ml,510310
1318,Water 500ml,510310
1319,Water 500ml,510219
1320,Water 500ml,510219
1321,Water 500ml,510219
1322,Water 500ml,510219
1323,Water 500ml,510168
1324,Water 500ml,510168
1325,Water 500ml,510168
1326,Water 500ml,510168
1327,Water 500ml,510065
1328,Water 500ml,510065
1329,Water 500ml,510065
1330,Water 500ml,510065
1331,Water 500ml,510207
1332,Water 500ml,510207
1333,Water 500ml,510207
1334,Water 500ml,510207
1335,Water 500ml,510270
1336,Water 500ml,510270
1337,Water 500ml,510270
1338,Water 500ml,510270
1339,Water 500ml,510133
1340,Water 500ml,510133
1341,Water 500ml,510133
1342,Water 500ml,510133
1343,Water 500ml,510192
1344,Water 500ml,510192
1345,Water 500ml,510192
1346,Water 500ml,510192
1347,Water 500ml,510199
1348,Water 500ml,510199
1349,Water 500ml,510199
1350,Water 500ml,510199
1351,Water 500ml,510357
1352,Water 500ml,510357
1353,Water 500ml,510357
1354,Water 500ml,510357
1355,Water 500ml,510143
1356,Water 500ml,510143
1357,Water 500ml,510143
1358,Water 500ml,510143
1359,Water 500ml,510214
1360,Water 500ml,510214
1361,Water 500ml,510214
1362,Water 500ml,510214
1363,Water 500ml,510111
1364,Water 500ml,510111
1365,Water 500ml,510111
1366,Water 500ml,510111
1367,Water 500ml,510183
1368,Water 500ml,510183
1369,Water 500ml,510183
1370,Water 500ml,510183
1371,Water 500ml,510260
1372,Water 500ml,510260
1373,Water 500ml,510260
1374,Water 500ml,510260
1375,Water 500ml,510224
1376,Water 500ml,510224
1377,Water 500ml,510224
1378,Water 500ml,510224
1379,Water 500ml,510239
1380,Water 500ml,510239
1381,Water 500ml,510239
1382,Water 500ml,510239
1383,Water 500ml,510296
1384,Water 500ml,510296
1385,Water 500ml,510296
1386,Water 500ml,510296
1387,Water 500ml,510228
1388,Water 500ml,510228
1389,Water 500ml,510228
1390,Water 500ml,510228
1391,Water 500ml,510351
1392,Water 500ml,510351
1393,Water 500ml,510351
1394,Water 500ml,510351
1395,Water 500ml,510103
1396,Water 500ml,510103
1397,Water 500ml,510103
1398,Water 500ml,510103
1399,Water 500ml,510524
1400,Water 500ml,510524
1401,Water 500ml,510524
1402,Water 500ml,510524
1403,Water 500ml,510133
1404,Water 500ml,510133
1405,Water 500ml,510133
1406,Water 500ml,510133
1407,Water 500ml,510441
1408,Water 500ml,510441
1409,Water 500ml,510441
1410,Water 500ml,510441
1411,Water 500ml,510292
1412,Water 500ml,510292
1413,Water 500ml,510292
1414,Water 500ml,510292
1415,Water 500ml,510534
1416,Water 500ml,510534
1417,Water 500ml,510534
1418,Water 500ml,510534
1419,Water 500ml,510232
1420,Water 500ml,510232
1421,Water 500ml,510232
1422,Water 500ml,510232
1423,Water 500ml,510213
1424,Water 500ml,510213
1425,Water 500ml,510213
1426,Water 500ml,510213
1427,Water 500ml,510212
1428,Water 500ml,510212
1429,Water 500ml,510212
1430,Water 500ml,510212
1431,Water 500ml,510332
1432,Water 500ml,510332
1433,Water 500ml,510332
1434,Water 500ml,510332
1435,Water 500ml,510446
1436,Water 500ml,510446
1437,Water 500ml,510446
1438,Water 500ml,510446
1439,Water 500ml,510377
1440,Water 500ml,510377
1441,Water 500ml,510377
1442,Water 500ml,510377
1443,Water 500ml,510140
1444,Water 500ml,510140
1445,Water 500ml,510140
1446,Water 500ml,510140
1447,Water 500ml,510305
1448,Water 500ml,510305
1449,Water 500ml,510305
1450,Water 500ml,510305
1451,Water 500ml,510433
1452,Water 500ml,510433
1453,Water 500ml,510433
1454,Water 500ml,510433
1455,Water 500ml,510380
1456,Water 500ml,510380
1457,Water 500ml,510380
1458,Water 500ml,510380
1459,Water 500ml,510338
1460,Water 500ml,510338
1461,Water 500ml,510338
1462,Water 500ml,510338
1463,Water 500ml,510216
1464,Water 500ml,510216
1465,Water 500ml,510216
1466,Water 500ml,510216
1467,Water 500ml,510482
1468,Water 500ml,510482
1469,Water 500ml,510482
1470,Water 500ml,510482
1471,Water 500ml,510343
1472,Water 500ml,510343
1473,Water 500ml,510343
1474,Water 500ml,510343
1475,Water 500ml,510513
1476,Water 500ml,510513
1477,Water 500ml,510513
1478,Water 500ml,510513
1479,Water 500ml,510218
1480,Water 500ml,510218
1481,Water 500ml,510218
1482,Water 500ml,510218
1483,Water 500ml,510374
1484,Water 500ml,510374
1485,Water 500ml,510374
1486,Water 500ml,510374
1487,Water 500ml,510261
1488,Water 500ml,510261
1489,Water 500ml,510261
1490,Water 500ml,510261
1491,Water 500ml,510267
1492,Water 500ml,510267
1493,Water 500ml,510267
1494,Water 500ml,510267
1495,Water 500ml,510107
1496,Water 500ml,510107
1497,Water 500ml,510107
1498,Water 500ml,510107
1499,Water 500ml,510137
1500,Water 500ml,510137
1501,Water 500ml,510137
1502,Water 500ml,510137
1503,Water 500ml,510459
1504,Water 500ml,510459
1505,Water 500ml,510459
1506,Water 500ml,510459
1507,Water 500ml,510519
